classification_report_str;classification_report_dict
['              precision    recall  f1-score   support\n\n           0       0.74      0.74      0.74      4660\n           1       0.74      0.74      0.74      4688\n\n    accuracy                           0.74      9348\n   macro avg       0.74      0.74      0.74      9348\nweighted avg       0.74      0.74      0.74      9348\n'];[{'0': {'precision': 0.7407806771619582, 'recall': 0.7371244635193133, 'f1-score': 0.7389480477573411, 'support': 4660}, '1': {'precision': 0.7399702823179792, 'recall': 0.7436006825938567, 'f1-score': 0.7417810405362272, 'support': 4688}, 'accuracy': 0.7403722721437741, 'macro avg': {'precision': 0.7403754797399686, 'recall': 0.740362573056585, 'f1-score': 0.7403645441467841, 'support': 9348}, 'weighted avg': {'precision': 0.7403742660549221, 'recall': 0.7403722721437741, 'f1-score': 0.740368786968661, 'support': 9348}}]
