classification_report_str;classification_report_dict
['              precision    recall  f1-score   support\n\n           0       0.72      0.67      0.69      4929\n           1       0.70      0.74      0.72      5000\n\n    accuracy                           0.71      9929\n   macro avg       0.71      0.71      0.71      9929\nweighted avg       0.71      0.71      0.71      9929\n'];[{'0': {'precision': 0.7207069605062186, 'recall': 0.6701156421180767, 'f1-score': 0.6944911690496215, 'support': 4929}, '1': {'precision': 0.6958473625140292, 'recall': 0.744, 'f1-score': 0.7191184999033443, 'support': 5000}, 'accuracy': 0.7073219861013194, 'macro avg': {'precision': 0.708277161510124, 'recall': 0.7070578210590384, 'f1-score': 0.7068048344764829, 'support': 9929}, 'weighted avg': {'precision': 0.7081882788705104, 'recall': 0.7073219861013194, 'f1-score': 0.706892886671599, 'support': 9929}}]
