classification_report_str;classification_report_dict
['              precision    recall  f1-score   support\n\n           0       0.64      0.29      0.40    101453\n           1       0.87      0.97      0.92    493163\n\n    accuracy                           0.85    594616\n   macro avg       0.76      0.63      0.66    594616\nweighted avg       0.83      0.85      0.83    594616\n'];[{'0': {'precision': 0.642795513373598, 'recall': 0.2937320729796063, 'f1-score': 0.4032121667241717, 'support': 101453}, '1': {'precision': 0.8693074038405416, 'recall': 0.9664208385462819, 'f1-score': 0.9152953806296986, 'support': 493163}, 'accuracy': 0.8516471134311892, 'macro avg': {'precision': 0.7560514586070698, 'recall': 0.6300764557629441, 'f1-score': 0.6592537736769352, 'support': 594616}, 'weighted avg': {'precision': 0.8306600905769517, 'recall': 0.8516471134311892, 'f1-score': 0.8279240715825869, 'support': 594616}}]
