classification_report_str;classification_report_dict
['              precision    recall  f1-score   support\n\n           0       0.74      0.74      0.74      4929\n           1       0.75      0.74      0.74      5000\n\n    accuracy                           0.74      9929\n   macro avg       0.74      0.74      0.74      9929\nweighted avg       0.74      0.74      0.74      9929\n'];[{'0': {'precision': 0.7408382263616117, 'recall': 0.7423412456887807, 'f1-score': 0.7415889744629105, 'support': 4929}, '1': {'precision': 0.7454909819639278, 'recall': 0.744, 'f1-score': 0.7447447447447447, 'support': 5000}, 'accuracy': 0.7431765535300634, 'macro avg': {'precision': 0.7431646041627697, 'recall': 0.7431706228443904, 'f1-score': 0.7431668596038277, 'support': 9929}, 'weighted avg': {'precision': 0.7431812395564531, 'recall': 0.7431765535300634, 'f1-score': 0.7431781426982988, 'support': 9929}}]
