classification_report_str;classification_report_dict
['              precision    recall  f1-score   support\n\n           0       0.55      0.48      0.51    101453\n           1       0.90      0.92      0.91    493163\n\n    accuracy                           0.84    594616\n   macro avg       0.72      0.70      0.71    594616\nweighted avg       0.84      0.84      0.84    594616\n'];[{'0': {'precision': 0.5516806722689076, 'recall': 0.4788522764235656, 'f1-score': 0.5126930606343627, 'support': 101453}, '1': {'precision': 0.8956245706299008, 'recall': 0.9199473602034216, 'f1-score': 0.9076230420748231, 'support': 493163}, 'accuracy': 0.8446880003228975, 'macro avg': {'precision': 0.7236526214494041, 'recall': 0.6993998183134936, 'f1-score': 0.7101580513545929, 'support': 594616}, 'weighted avg': {'precision': 0.83694108360564, 'recall': 0.8446880003228975, 'f1-score': 0.8402403423037456, 'support': 594616}}]
