classification_report_str;classification_report_dict
['              precision    recall  f1-score   support\n\n           0       0.65      0.29      0.40    101453\n           1       0.87      0.97      0.92    493163\n\n    accuracy                           0.85    594616\n   macro avg       0.76      0.63      0.66    594616\nweighted avg       0.83      0.85      0.83    594616\n'];[{'0': {'precision': 0.6491239787172466, 'recall': 0.28740401959528056, 'f1-score': 0.39840953187768147, 'support': 101453}, '1': {'precision': 0.8684820910428837, 'recall': 0.9680409925318809, 'f1-score': 0.9155629710603533, 'support': 493163}, 'accuracy': 0.8519111493804404, 'macro avg': {'precision': 0.7588030348800652, 'recall': 0.6277225060635807, 'f1-score': 0.6569862514690175, 'support': 594616}, 'weighted avg': {'precision': 0.831055350810914, 'recall': 0.8519111493804404, 'f1-score': 0.8273265834330449, 'support': 594616}}]
