classification_report_str;classification_report_dict
['              precision    recall  f1-score   support\n\n           0       0.68      0.23      0.35    101453\n           1       0.86      0.98      0.92    493163\n\n    accuracy                           0.85    594616\n   macro avg       0.77      0.60      0.63    594616\nweighted avg       0.83      0.85      0.82    594616\n'];[{'0': {'precision': 0.6756857676288955, 'recall': 0.23187091559638454, 'f1-score': 0.34526080958111954, 'support': 101453}, '1': {'precision': 0.8607916027302559, 'recall': 0.9771049328518158, 'f1-score': 0.9152677584418839, 'support': 493163}, 'accuracy': 0.8499535834891762, 'macro avg': {'precision': 0.7682386851795757, 'recall': 0.6044879242241001, 'f1-score': 0.6302642840115017, 'support': 594616}, 'weighted avg': {'precision': 0.8292089640381617, 'recall': 0.8499535834891762, 'f1-score': 0.8180135389409436, 'support': 594616}}]
