classification_report_str;classification_report_dict
['              precision    recall  f1-score   support\n\n           0       0.48      0.45      0.46    206002\n           1       0.53      0.54      0.54    121960\n           2       0.35      0.36      0.35     94916\n           3       0.30      0.32      0.31     47177\n           4       0.26      0.30      0.27     24161\n           5       0.51      0.51      0.51    100400\n\n    accuracy                           0.45    594616\n   macro avg       0.40      0.41      0.41    594616\nweighted avg       0.45      0.45      0.45    594616\n'];[{'0': {'precision': 0.4764626189326814, 'recall': 0.44558305259172243, 'f1-score': 0.46050575312364384, 'support': 206002}, '1': {'precision': 0.5308784134980609, 'recall': 0.5443506067563135, 'f1-score': 0.5375301095075198, 'support': 121960}, '2': {'precision': 0.3451239703207081, 'recall': 0.35577774031775466, 'f1-score': 0.3503698861808863, 'support': 94916}, '3': {'precision': 0.299509900019604, 'recall': 0.3238442461368887, 'f1-score': 0.31120209396355936, 'support': 47177}, '4': {'precision': 0.2550664865249236, 'recall': 0.2969247961590994, 'f1-score': 0.27440855279514986, 'support': 24161}, '5': {'precision': 0.5082559442798815, 'recall': 0.5058665338645418, 'f1-score': 0.5070584241843378, 'support': 100400}, 'accuracy': 0.4459853081652697, 'macro avg': {'precision': 0.4025495555959766, 'recall': 0.41205782930438667, 'f1-score': 0.4068458032925162, 'support': 594616}, 'weighted avg': {'precision': 0.44899146212414015, 'recall': 0.4459853081652697, 'f1-score': 0.44717635994720784, 'support': 594616}}]
