classification_report_str;classification_report_dict
['              precision    recall  f1-score   support\n\n           0       0.73      0.75      0.74      4688\n           1       0.74      0.72      0.73      4660\n\n    accuracy                           0.73      9348\n   macro avg       0.73      0.73      0.73      9348\nweighted avg       0.73      0.73      0.73      9348\n'];[{'0': {'precision': 0.7254658385093168, 'recall': 0.7474402730375427, 'f1-score': 0.7362891363731876, 'support': 4688}, '1': {'precision': 0.7379371403275786, 'recall': 0.715450643776824, 'f1-score': 0.7265199389845283, 'support': 4660}, 'accuracy': 0.7314933675652546, 'macro avg': {'precision': 0.7317014894184477, 'recall': 0.7314454584071833, 'f1-score': 0.7314045376788579, 'support': 9348}, 'weighted avg': {'precision': 0.7316828118162381, 'recall': 0.7314933675652546, 'f1-score': 0.7314191684836762, 'support': 9348}}]
