classification_report_str;classification_report_dict
['              precision    recall  f1-score   support\n\n           0       0.55      0.48      0.51    101453\n           1       0.90      0.92      0.91    493163\n\n    accuracy                           0.84    594616\n   macro avg       0.72      0.70      0.71    594616\nweighted avg       0.84      0.84      0.84    594616\n'];[{'0': {'precision': 0.5505928138293058, 'recall': 0.4797098163681705, 'f1-score': 0.5127130027127393, 'support': 101453}, '1': {'precision': 0.8957279781282594, 'recall': 0.9194505670538949, 'f1-score': 0.9074342571996633, 'support': 493163}, 'accuracy': 0.8444222826160076, 'macro avg': {'precision': 0.7231603959787827, 'recall': 0.6995801917110327, 'f1-score': 0.7100736299562014, 'support': 594616}, 'weighted avg': {'precision': 0.8368412380748103, 'recall': 0.8444222826160076, 'f1-score': 0.8400871702873334, 'support': 594616}}]
